student_id,score_id,exam_1,exam_2,exam_3,total_mark,lecture_1,lecture_2,lecture_3,lecture_4,lecture_5,lecture_6,lecture_7,lecture_8,lecture_9,lecture_10,total_attendance,subject_id
STU001,MATH001,44,33,65,142,True,True,True,False,True,True,True,True,True,False,8,MATH
STU002,MATH002,101,55,99,255,True,True,True,False,False,True,True,True,True,False,7,MATH
STU003,MATH003,43,41,78,162,True,False,False,False,False,True,False,True,True,False,4,MATH
STU004,MATH004,76,54,38,168,True,True,True,True,True,True,True,False,True,True,9,MATH
STU005,MATH005,56,64,39,159,False,True,False,True,True,False,False,True,False,False,4,MATH
STU006,MATH006,37,59,34,130,False,True,True,False,True,False,True,True,False,False,5,MATH
STU007,MATH007,48,63,47,158,True,True,True,True,False,True,True,False,True,True,8,MATH
STU008,MATH008,36,44,49,129,False,False,True,True,True,False,True,False,False,True,5,MATH
STU009,MATH009,44,98,64,206,False,True,True,True,True,False,False,False,False,True,5,MATH
STU010,MATH010,43,68,94,205,False,True,False,True,False,True,True,True,True,False,6,MATH
STU011,MATH011,69,60,37,166,True,True,True,False,False,False,True,True,False,False,5,MATH
STU012,MATH012,51,63,97,211,False,True,True,True,False,True,True,False,False,True,6,MATH
STU013,MATH013,96,87,45,228,True,True,True,True,True,True,False,True,True,True,9,MATH
STU014,MATH014,72,39,95,206,True,False,True,True,False,True,True,False,False,True,6,MATH
STU015,MATH015,42,85,75,202,True,True,False,False,False,True,True,True,False,True,6,MATH
STU016,MATH016,54,98,87,239,True,True,True,False,True,False,False,True,False,True,6,MATH
STU017,MATH017,31,41,60,132,True,True,True,True,True,True,False,True,False,True,8,MATH
STU018,MATH018,84,101,92,277,True,True,False,True,True,False,True,True,True,False,7,MATH
STU019,MATH019,50,37,95,182,True,True,True,False,True,True,False,True,True,False,7,MATH
STU020,MATH020,83,96,70,249,False,True,False,True,True,False,True,True,False,True,6,MATH
STU021,MATH021,88,42,39,169,True,True,True,True,True,True,True,True,True,True,10,MATH
STU022,MATH022,97,31,100,228,True,False,False,True,True,True,True,True,False,False,6,MATH
STU023,MATH023,56,63,94,213,True,False,False,True,True,True,True,False,False,True,6,MATH
STU024,MATH024,86,100,84,270,True,True,False,False,True,True,True,True,True,True,8,MATH
STU025,MATH025,76,35,75,186,True,True,True,False,False,True,False,True,False,False,5,MATH
STU026,MATH026,52,82,33,167,True,False,False,True,False,False,True,True,False,True,5,MATH
STU027,MATH027,34,90,58,182,True,False,True,False,False,True,False,True,True,True,6,MATH
STU028,MATH028,65,74,95,234,True,False,True,False,True,False,True,False,True,True,6,MATH
STU029,MATH029,85,74,70,229,True,False,True,False,True,True,True,True,False,False,6,MATH
STU030,MATH030,55,76,85,216,True,False,True,True,False,False,True,True,True,True,7,MATH
STU031,MATH031,67,100,46,213,True,False,True,False,True,True,True,False,True,True,7,MATH
STU032,MATH032,71,89,86,246,True,True,True,False,False,True,True,True,False,True,7,MATH
STU033,MATH033,60,69,58,187,False,True,True,False,False,False,True,False,True,False,4,MATH
STU034,MATH034,79,93,81,253,True,False,True,False,False,True,True,True,False,True,6,MATH
STU035,MATH035,36,101,61,198,False,True,True,True,True,True,True,False,True,False,7,MATH
STU036,MATH036,94,84,100,278,True,True,False,True,False,False,True,False,True,True,6,MATH
STU037,MATH037,86,39,66,191,True,True,False,True,True,True,True,True,True,True,9,MATH
STU038,MATH038,89,83,37,209,True,True,False,True,False,False,False,True,True,True,6,MATH
STU039,MATH039,79,83,98,260,False,True,False,True,True,True,True,True,False,True,7,MATH
STU040,MATH040,51,89,46,186,False,True,False,True,False,True,True,False,True,True,6,MATH
STU041,MATH041,71,57,88,216,True,False,True,False,False,True,True,True,True,False,6,MATH
STU042,MATH042,74,58,38,170,False,False,False,False,True,True,True,True,False,True,5,MATH
STU043,MATH043,57,89,62,208,False,True,False,False,True,False,False,True,True,True,5,MATH
STU044,MATH044,78,80,55,213,True,False,False,True,False,False,False,True,False,False,3,MATH
STU045,MATH045,74,98,84,256,False,True,False,True,True,True,True,True,False,True,7,MATH
STU046,MATH046,49,85,52,186,False,False,True,False,True,True,True,False,True,False,5,MATH
STU047,MATH047,41,65,87,193,True,True,False,True,True,False,True,True,False,True,7,MATH
STU048,MATH048,65,101,31,197,True,True,True,True,True,True,True,False,True,True,9,MATH
STU049,MATH049,67,58,81,206,False,True,True,True,True,True,False,True,False,True,7,MATH
STU050,MATH050,62,59,45,166,False,True,False,False,False,True,False,True,True,False,4,MATH
STU051,MATH051,66,42,54,162,True,True,True,False,True,True,True,True,False,False,7,MATH
STU052,MATH052,92,43,31,166,True,True,True,True,True,False,True,False,True,True,8,MATH
STU053,MATH053,36,49,49,134,False,False,True,True,True,True,True,False,False,True,6,MATH
STU054,MATH054,86,68,84,238,True,False,False,False,False,True,True,False,True,True,5,MATH
STU055,MATH055,39,50,30,119,True,False,True,True,True,True,False,True,True,True,8,MATH
STU056,MATH056,55,84,44,183,True,False,False,False,True,True,True,False,True,True,6,MATH
STU057,MATH057,45,89,68,202,False,False,True,True,True,True,True,True,True,True,8,MATH
STU058,MATH058,32,64,35,131,False,True,True,True,True,False,True,False,False,True,6,MATH
STU059,MATH059,82,72,71,225,False,False,True,False,True,False,False,True,True,True,5,MATH
STU060,MATH060,71,44,81,196,False,False,True,False,True,True,True,False,True,True,6,MATH
STU061,MATH061,36,56,64,156,True,False,True,False,True,False,False,True,True,True,6,MATH
STU062,MATH062,100,82,41,223,True,False,True,False,False,True,False,True,False,True,5,MATH
STU063,MATH063,91,90,61,242,True,True,True,True,False,True,True,False,False,True,7,MATH
STU064,MATH064,94,64,30,188,True,True,True,False,True,True,True,True,True,True,9,MATH
STU065,MATH065,88,71,54,213,False,True,True,False,True,True,True,False,True,False,6,MATH
STU066,MATH066,49,93,34,176,True,False,True,True,False,True,False,True,True,False,6,MATH
STU067,MATH067,49,39,90,178,False,True,False,True,True,True,False,True,False,False,5,MATH
STU068,MATH068,92,99,34,225,False,True,False,True,True,True,False,False,False,True,5,MATH
STU069,MATH069,51,68,33,152,True,False,True,True,True,True,True,False,True,True,8,MATH
STU070,MATH070,78,60,93,231,False,True,True,True,True,True,False,False,False,True,6,MATH
STU071,MATH071,86,74,68,228,False,True,True,False,True,True,True,True,True,True,8,MATH
STU072,MATH072,67,32,80,179,True,True,False,False,True,False,True,False,True,False,5,MATH
STU073,MATH073,75,58,54,187,False,False,False,False,False,False,False,False,True,True,2,MATH
STU074,MATH074,76,46,41,163,False,True,True,True,False,False,True,True,True,True,7,MATH
STU075,MATH075,91,67,73,231,False,True,True,False,True,False,False,True,False,True,5,MATH
STU076,MATH076,41,80,31,152,True,True,True,False,True,True,False,True,False,True,7,MATH
STU077,MATH077,101,71,58,230,False,False,True,False,False,True,True,True,False,True,5,MATH
STU078,MATH078,60,98,47,205,True,True,False,False,True,True,False,False,False,False,4,MATH
STU079,MATH079,82,65,34,181,False,True,True,True,True,False,True,False,False,True,6,MATH
STU080,MATH080,65,54,45,164,False,False,True,True,False,False,True,True,False,False,4,MATH
STU081,MATH081,56,38,100,194,True,True,False,True,True,False,True,False,True,True,7,MATH
STU082,MATH082,62,52,44,158,False,True,True,False,True,True,True,True,False,True,7,MATH
STU083,MATH083,38,90,87,215,False,True,True,True,False,True,False,False,True,True,6,MATH
STU084,MATH084,33,37,91,161,False,True,True,False,True,False,True,True,True,False,6,MATH
STU085,MATH085,100,71,78,249,False,True,True,False,True,False,False,False,False,False,3,MATH
STU086,MATH086,57,85,87,229,False,True,False,True,False,True,True,True,False,False,5,MATH
STU087,MATH087,90,38,41,169,False,True,True,False,False,True,True,True,True,True,7,MATH
STU088,MATH088,75,84,36,195,False,False,True,True,True,False,True,True,False,True,6,MATH
STU089,MATH089,65,58,84,207,False,False,False,False,False,True,False,False,True,True,3,MATH
STU090,MATH090,69,73,74,216,True,False,True,True,True,False,True,False,True,True,7,MATH
STU091,MATH091,73,50,77,200,True,True,False,True,False,True,False,True,True,True,7,MATH
STU092,MATH092,84,92,86,262,True,True,True,True,True,False,True,True,True,True,9,MATH
STU093,MATH093,37,30,56,123,True,True,True,True,True,True,False,True,True,False,8,MATH
STU094,MATH094,94,101,75,270,True,False,True,True,False,False,True,True,False,True,6,MATH
STU095,MATH095,44,81,32,157,False,True,False,True,False,True,True,True,True,True,7,MATH
STU096,MATH096,40,80,69,189,False,True,False,True,False,True,True,False,True,False,5,MATH
STU097,MATH097,48,60,43,151,True,True,False,False,False,True,False,True,False,False,4,MATH
STU098,MATH098,87,71,70,228,True,True,True,True,True,True,True,True,True,True,10,MATH
STU099,MATH099,66,39,41,146,False,True,True,True,False,False,True,False,False,True,5,MATH
STU100,MATH100,90,94,49,233,False,True,False,False,False,True,False,True,False,False,3,MATH
STU001,PHYS001,97,96,50,243,True,False,True,False,False,True,False,True,True,True,6,PHYS
STU002,PHYS002,79,66,62,207,False,False,False,False,True,True,True,True,False,False,4,PHYS
STU003,PHYS003,80,46,40,166,True,True,False,False,False,False,False,False,True,False,3,PHYS
STU004,PHYS004,84,95,76,255,True,True,False,True,False,True,False,True,True,False,6,PHYS
STU005,PHYS005,94,99,97,290,True,True,False,True,True,True,False,False,False,True,6,PHYS
STU006,PHYS006,86,35,82,203,True,False,False,False,False,False,True,True,False,False,3,PHYS
STU007,PHYS007,54,77,86,217,True,True,True,True,False,False,False,True,True,False,6,PHYS
STU008,PHYS008,77,100,43,220,False,True,True,True,True,True,True,False,True,False,7,PHYS
STU009,PHYS009,87,74,33,194,True,True,True,True,True,True,True,True,False,True,9,PHYS
STU010,PHYS010,48,47,34,129,True,False,False,True,False,True,True,True,True,False,6,PHYS
STU011,PHYS011,100,97,84,281,True,True,True,True,True,False,True,True,False,True,8,PHYS
STU012,PHYS012,32,95,60,187,False,True,True,True,True,True,False,True,True,False,7,PHYS
STU013,PHYS013,99,94,94,287,True,True,True,False,False,True,True,False,True,False,6,PHYS
STU014,PHYS014,43,72,47,162,True,True,False,True,False,True,False,False,False,True,5,PHYS
STU015,PHYS015,88,34,67,189,True,False,False,True,True,True,False,True,True,False,6,PHYS
STU016,PHYS016,66,75,36,177,False,True,True,True,False,False,False,True,False,True,5,PHYS
STU017,PHYS017,93,77,96,266,True,True,True,True,False,True,True,True,True,True,9,PHYS
STU018,PHYS018,87,84,51,222,False,True,True,False,True,False,True,False,False,True,5,PHYS
STU019,PHYS019,81,76,95,252,False,False,False,True,False,False,True,True,False,True,4,PHYS
STU020,PHYS020,79,34,49,162,False,False,True,False,True,True,True,False,True,True,6,PHYS
STU021,PHYS021,53,93,96,242,True,True,True,True,True,False,True,False,True,True,8,PHYS
STU022,PHYS022,39,87,52,178,False,True,True,False,False,True,True,True,True,False,6,PHYS
STU023,PHYS023,50,52,76,178,True,True,True,True,False,True,True,True,False,True,8,PHYS
STU024,PHYS024,41,38,69,148,True,False,True,True,True,True,True,True,True,True,9,PHYS
STU025,PHYS025,96,74,46,216,False,False,False,True,False,True,False,True,True,True,5,PHYS
STU026,PHYS026,51,50,71,172,False,True,False,True,True,True,True,False,True,False,6,PHYS
STU027,PHYS027,98,41,94,233,False,True,True,True,False,False,True,False,True,False,5,PHYS
STU028,PHYS028,40,35,63,138,False,False,True,False,True,False,True,False,True,False,4,PHYS
STU029,PHYS029,81,68,88,237,True,True,True,True,True,False,True,False,False,False,6,PHYS
STU030,PHYS030,81,46,77,204,True,True,True,True,True,True,True,False,False,True,8,PHYS
STU031,PHYS031,50,71,70,191,True,True,False,True,False,True,True,True,True,True,8,PHYS
STU032,PHYS032,75,36,36,147,True,True,False,False,True,True,True,True,True,True,8,PHYS
STU033,PHYS033,81,76,35,192,True,True,True,True,True,True,False,True,False,False,7,PHYS
STU034,PHYS034,45,46,42,133,True,False,True,False,False,True,True,True,True,True,7,PHYS
STU035,PHYS035,72,90,96,258,True,False,True,True,False,True,False,False,True,True,6,PHYS
STU036,PHYS036,95,98,92,285,False,True,False,True,False,False,True,False,False,False,3,PHYS
STU037,PHYS037,33,90,63,186,False,False,False,True,False,True,True,False,False,False,3,PHYS
STU038,PHYS038,48,61,34,143,True,False,True,True,True,True,True,True,False,True,8,PHYS
STU039,PHYS039,37,47,96,180,True,True,False,True,True,True,False,True,True,False,7,PHYS
STU040,PHYS040,63,91,54,208,False,True,True,False,False,False,False,False,True,True,4,PHYS
STU041,PHYS041,101,65,66,232,True,False,True,False,False,False,False,True,True,False,4,PHYS
STU042,PHYS042,74,86,62,222,False,True,False,True,True,True,True,False,True,True,7,PHYS
STU043,PHYS043,97,58,59,214,True,True,False,True,False,True,True,False,True,False,6,PHYS
STU044,PHYS044,90,91,55,236,False,True,True,True,False,False,True,False,False,True,5,PHYS
STU045,PHYS045,52,83,52,187,False,True,False,False,True,False,False,True,True,True,5,PHYS
STU046,PHYS046,43,72,66,181,True,False,True,False,True,True,True,False,True,False,6,PHYS
STU047,PHYS047,62,53,31,146,False,False,True,False,True,False,False,False,True,True,4,PHYS
STU048,PHYS048,42,53,47,142,True,False,True,True,True,True,True,True,True,True,9,PHYS
STU049,PHYS049,76,60,37,173,False,True,True,False,False,False,False,False,False,False,2,PHYS
STU050,PHYS050,77,58,58,193,False,True,True,False,True,False,False,False,False,False,3,PHYS
STU051,PHYS051,61,40,97,198,True,False,True,True,True,True,True,True,True,True,9,PHYS
STU052,PHYS052,96,86,44,226,False,False,True,False,True,True,True,True,True,True,7,PHYS
STU053,PHYS053,69,32,80,181,True,True,True,True,True,False,True,True,False,False,7,PHYS
STU054,PHYS054,90,34,66,190,True,False,False,False,False,True,False,True,False,False,3,PHYS
STU055,PHYS055,78,40,99,217,True,False,True,False,True,True,False,False,False,False,4,PHYS
STU056,PHYS056,89,99,84,272,True,False,True,True,True,False,False,True,False,True,6,PHYS
STU057,PHYS057,32,60,56,148,True,True,True,False,False,True,True,True,True,False,7,PHYS
STU058,PHYS058,37,47,94,178,False,True,False,True,True,False,False,True,False,False,4,PHYS
STU059,PHYS059,96,58,82,236,True,True,False,False,False,False,True,True,False,False,4,PHYS
STU060,PHYS060,78,97,70,245,False,True,True,True,True,True,True,False,True,True,8,PHYS
STU061,PHYS061,37,101,82,220,False,True,True,True,True,False,False,False,True,False,5,PHYS
STU062,PHYS062,54,36,64,154,True,False,True,True,False,True,False,True,True,False,6,PHYS
STU063,PHYS063,68,31,57,156,False,False,True,False,True,True,False,True,False,True,5,PHYS
STU064,PHYS064,66,78,89,233,True,True,True,True,True,True,False,True,False,False,7,PHYS
STU065,PHYS065,77,70,82,229,True,False,False,True,True,True,False,True,True,True,7,PHYS
STU066,PHYS066,61,93,100,254,False,False,True,False,False,False,True,True,False,True,4,PHYS
STU067,PHYS067,99,92,53,244,False,True,False,True,True,False,False,False,False,True,4,PHYS
STU068,PHYS068,59,38,49,146,True,True,True,False,False,False,True,True,True,True,7,PHYS
STU069,PHYS069,31,32,97,160,False,True,True,True,False,True,False,True,False,True,6,PHYS
STU070,PHYS070,60,54,97,211,True,True,False,True,False,True,True,False,True,False,6,PHYS
STU071,PHYS071,40,34,41,115,True,True,True,False,False,True,False,False,True,False,5,PHYS
STU072,PHYS072,42,97,35,174,True,False,False,True,True,False,False,True,True,False,5,PHYS
STU073,PHYS073,52,70,32,154,False,True,False,False,True,True,True,True,False,True,6,PHYS
STU074,PHYS074,99,72,79,250,False,True,False,False,True,False,True,True,False,True,5,PHYS
STU075,PHYS075,80,71,33,184,False,False,True,True,True,True,True,True,True,False,7,PHYS
STU076,PHYS076,67,61,39,167,True,True,False,False,False,True,True,True,True,True,7,PHYS
STU077,PHYS077,64,43,46,153,True,True,True,True,True,True,True,True,False,False,8,PHYS
STU078,PHYS078,31,67,82,180,True,True,False,False,False,True,True,True,True,True,7,PHYS
STU079,PHYS079,93,48,38,179,True,True,True,False,True,False,False,True,False,True,6,PHYS
STU080,PHYS080,47,68,30,145,False,True,False,False,True,True,False,False,False,True,4,PHYS
STU081,PHYS081,71,55,91,217,True,False,False,True,False,True,True,True,True,False,6,PHYS
STU082,PHYS082,80,76,44,200,False,True,False,True,False,True,False,False,True,False,4,PHYS
STU083,PHYS083,38,82,93,213,True,True,True,True,True,True,True,True,True,True,10,PHYS
STU084,PHYS084,83,99,34,216,False,True,False,True,False,True,False,False,True,False,4,PHYS
STU085,PHYS085,35,81,72,188,False,True,True,True,True,True,True,True,True,True,9,PHYS
STU086,PHYS086,94,49,74,217,False,True,True,False,True,False,False,True,True,False,5,PHYS
STU087,PHYS087,96,91,74,261,True,True,False,True,True,False,True,False,False,False,5,PHYS
STU088,PHYS088,51,61,96,208,True,True,True,False,True,True,True,False,True,True,8,PHYS
STU089,PHYS089,55,87,84,226,True,False,True,False,False,True,True,False,True,True,6,PHYS
STU090,PHYS090,88,44,63,195,False,True,False,True,True,True,True,True,True,True,8,PHYS
STU091,PHYS091,68,40,47,155,True,True,True,True,True,True,True,True,True,True,10,PHYS
STU092,PHYS092,98,52,101,251,True,True,True,False,False,False,False,True,True,True,6,PHYS
STU093,PHYS093,101,94,93,288,True,True,False,True,True,True,False,True,True,True,8,PHYS
STU094,PHYS094,66,51,88,205,True,False,True,True,True,True,True,False,True,False,7,PHYS
STU095,PHYS095,86,99,57,242,False,True,False,False,True,False,True,True,False,True,5,PHYS
STU096,PHYS096,45,60,56,161,False,True,True,False,False,True,True,True,True,True,7,PHYS
STU097,PHYS097,74,98,65,237,True,True,False,True,True,False,True,False,False,True,6,PHYS
STU098,PHYS098,82,37,65,184,False,True,False,True,False,False,False,False,True,True,4,PHYS
STU099,PHYS099,64,83,78,225,True,False,False,True,True,True,False,True,False,True,6,PHYS
STU100,PHYS100,30,41,88,159,False,False,False,False,True,False,False,True,True,True,4,PHYS
STU001,CHEM001,100,46,92,238,False,False,False,True,False,False,True,False,True,True,4,CHEM
STU002,CHEM002,84,55,46,185,False,True,False,False,True,True,True,False,False,True,5,CHEM
STU003,CHEM003,69,59,84,212,False,False,True,True,True,True,False,True,False,False,5,CHEM
STU004,CHEM004,84,46,91,221,True,True,False,True,True,False,True,False,False,True,6,CHEM
STU005,CHEM005,48,38,97,183,True,False,True,True,True,False,False,False,True,True,6,CHEM
STU006,CHEM006,42,47,45,134,True,True,False,True,True,True,True,True,False,False,7,CHEM
STU007,CHEM007,33,68,56,157,True,True,False,True,True,False,False,True,True,True,7,CHEM
STU008,CHEM008,39,97,31,167,False,False,True,False,True,True,False,False,False,False,3,CHEM
STU009,CHEM009,32,38,31,101,True,True,True,False,True,False,True,True,False,True,7,CHEM
STU010,CHEM010,98,98,49,245,True,True,True,True,False,True,True,False,False,False,6,CHEM
STU011,CHEM011,38,69,85,192,False,False,True,True,True,True,False,True,False,False,5,CHEM
STU012,CHEM012,45,31,47,123,False,True,False,True,False,False,True,True,False,True,5,CHEM
STU013,CHEM013,45,33,72,150,False,True,True,False,True,True,True,True,True,True,8,CHEM
STU014,CHEM014,77,50,62,189,False,False,False,True,False,True,False,True,True,True,5,CHEM
STU015,CHEM015,49,52,34,135,True,False,False,True,True,True,False,True,True,True,7,CHEM
STU016,CHEM016,94,36,52,182,True,True,True,True,False,False,False,True,True,True,7,CHEM
STU017,CHEM017,77,55,67,199,True,True,False,True,True,True,False,True,False,False,6,CHEM
STU018,CHEM018,61,49,30,140,False,True,True,False,False,True,True,False,True,False,5,CHEM
STU019,CHEM019,69,43,56,168,True,True,True,True,False,False,True,False,False,True,6,CHEM
STU020,CHEM020,77,88,40,205,True,True,False,True,True,True,False,True,True,False,7,CHEM
STU021,CHEM021,80,71,70,221,True,True,False,True,False,True,True,True,True,True,8,CHEM
STU022,CHEM022,75,56,87,218,True,True,True,True,False,False,False,True,False,True,6,CHEM
STU023,CHEM023,41,61,75,177,True,True,True,False,True,False,False,True,True,True,7,CHEM
STU024,CHEM024,43,47,45,135,True,False,False,True,False,True,False,False,True,True,5,CHEM
STU025,CHEM025,39,32,38,109,True,False,False,True,False,False,True,False,True,False,4,CHEM
STU026,CHEM026,85,80,93,258,True,False,True,True,True,True,False,True,False,True,7,CHEM
STU027,CHEM027,67,93,82,242,False,True,True,True,True,False,False,True,False,True,6,CHEM
STU028,CHEM028,32,78,75,185,True,False,True,True,True,True,True,True,True,False,8,CHEM
STU029,CHEM029,65,37,90,192,True,False,False,False,True,False,True,False,False,True,4,CHEM
STU030,CHEM030,58,79,75,212,False,False,True,True,True,False,True,True,False,True,6,CHEM
STU031,CHEM031,48,54,93,195,True,True,True,True,False,True,True,True,False,False,7,CHEM
STU032,CHEM032,73,52,71,196,True,True,False,True,True,True,True,True,False,False,7,CHEM
STU033,CHEM033,42,73,68,183,True,False,False,True,False,True,True,False,True,False,5,CHEM
STU034,CHEM034,75,58,52,185,True,False,True,True,True,False,True,False,False,True,6,CHEM
STU035,CHEM035,53,70,58,181,False,True,True,True,True,True,True,False,False,False,6,CHEM
STU036,CHEM036,72,87,31,190,True,True,True,True,True,True,True,False,False,False,7,CHEM
STU037,CHEM037,93,78,74,245,True,True,True,False,False,False,True,True,False,True,6,CHEM
STU038,CHEM038,70,63,43,176,True,True,True,False,True,False,True,True,False,True,7,CHEM
STU039,CHEM039,33,85,51,169,False,True,True,True,False,True,True,False,True,False,6,CHEM
STU040,CHEM040,68,60,42,170,True,True,False,True,True,True,True,False,False,True,7,CHEM
STU041,CHEM041,33,56,51,140,False,False,True,True,False,True,False,True,False,True,5,CHEM
STU042,CHEM042,77,78,77,232,True,True,True,True,False,True,True,False,True,False,7,CHEM
STU043,CHEM043,99,82,59,240,True,False,False,True,True,False,True,False,True,True,6,CHEM
STU044,CHEM044,34,94,96,224,False,False,False,True,False,True,False,False,False,True,3,CHEM
STU045,CHEM045,84,40,85,209,True,False,True,True,True,False,False,True,True,True,7,CHEM
STU046,CHEM046,65,96,88,249,False,True,False,True,False,True,True,True,True,False,6,CHEM
STU047,CHEM047,42,43,42,127,False,False,False,False,True,False,True,True,True,True,5,CHEM
STU048,CHEM048,81,34,80,195,False,True,True,False,False,False,True,False,True,True,5,CHEM
STU049,CHEM049,92,42,59,193,True,False,True,False,True,True,False,True,True,False,6,CHEM
STU050,CHEM050,92,96,77,265,False,True,True,True,True,True,False,False,True,True,7,CHEM
STU051,CHEM051,55,37,61,153,True,True,True,True,True,True,True,False,False,True,8,CHEM
STU052,CHEM052,92,87,52,231,False,True,True,True,False,True,False,True,True,True,7,CHEM
STU053,CHEM053,57,58,58,173,False,True,True,True,False,False,True,False,False,False,4,CHEM
STU054,CHEM054,31,58,62,151,False,False,False,False,True,False,False,True,True,True,4,CHEM
STU055,CHEM055,96,80,43,219,True,False,False,False,True,True,True,False,True,True,6,CHEM
STU056,CHEM056,65,71,65,201,True,False,False,True,True,False,False,False,False,False,3,CHEM
STU057,CHEM057,70,47,33,150,False,False,True,True,True,True,False,True,True,False,6,CHEM
STU058,CHEM058,58,98,90,246,False,False,True,False,False,False,True,True,True,True,5,CHEM
STU059,CHEM059,101,53,72,226,False,True,True,False,True,False,True,True,True,True,7,CHEM
STU060,CHEM060,36,39,90,165,False,True,False,True,True,True,False,True,True,True,7,CHEM
STU061,CHEM061,88,48,70,206,False,True,True,True,False,True,True,True,True,False,7,CHEM
STU062,CHEM062,50,92,41,183,True,True,True,True,True,True,True,False,False,False,7,CHEM
STU063,CHEM063,97,54,32,183,False,False,True,False,True,True,True,True,True,False,6,CHEM
STU064,CHEM064,68,67,88,223,False,True,True,False,False,True,False,True,True,False,5,CHEM
STU065,CHEM065,81,32,59,172,True,False,True,True,True,True,False,False,True,False,6,CHEM
STU066,CHEM066,98,36,36,170,False,False,True,False,True,True,True,True,True,False,6,CHEM
STU067,CHEM067,31,68,83,182,False,False,True,False,True,False,True,False,True,True,5,CHEM
STU068,CHEM068,43,93,55,191,False,False,False,False,True,True,True,True,False,False,4,CHEM
STU069,CHEM069,91,72,60,223,True,False,False,False,False,True,True,True,False,True,5,CHEM
STU070,CHEM070,62,59,88,209,False,True,True,True,True,True,True,False,True,False,7,CHEM
STU071,CHEM071,42,35,31,108,False,False,True,True,True,False,False,True,False,True,5,CHEM
STU072,CHEM072,81,81,88,250,True,True,False,False,False,False,True,False,True,False,4,CHEM
STU073,CHEM073,50,43,83,176,False,True,True,True,False,False,False,False,False,False,3,CHEM
STU074,CHEM074,46,91,92,229,True,True,True,True,True,False,False,False,True,True,7,CHEM
STU075,CHEM075,73,96,96,265,False,False,True,False,True,False,False,True,False,False,3,CHEM
STU076,CHEM076,36,31,50,117,True,True,True,True,False,True,True,True,True,True,9,CHEM
STU077,CHEM077,78,81,60,219,True,True,True,True,True,True,False,False,True,True,8,CHEM
STU078,CHEM078,34,101,100,235,True,True,False,False,True,True,True,False,False,True,6,CHEM
STU079,CHEM079,36,58,88,182,True,False,True,False,True,True,True,False,True,True,7,CHEM
STU080,CHEM080,67,100,96,263,True,True,False,True,False,False,True,True,True,True,7,CHEM
STU081,CHEM081,80,57,88,225,False,True,True,False,True,False,False,True,False,True,5,CHEM
STU082,CHEM082,94,47,93,234,True,False,True,True,True,False,False,False,False,True,5,CHEM
STU083,CHEM083,46,43,79,168,False,False,True,False,True,False,False,True,True,True,5,CHEM
STU084,CHEM084,67,87,47,201,True,False,False,True,False,True,True,False,True,True,6,CHEM
STU085,CHEM085,56,67,74,197,False,True,False,False,True,True,False,False,False,True,4,CHEM
STU086,CHEM086,83,98,66,247,False,True,True,True,True,True,True,True,False,False,7,CHEM
STU087,CHEM087,62,48,37,147,False,True,False,True,False,True,False,False,False,False,3,CHEM
STU088,CHEM088,101,79,60,240,True,False,False,False,True,True,True,False,False,False,4,CHEM
STU089,CHEM089,36,31,62,129,True,False,False,True,True,False,False,True,True,False,5,CHEM
STU090,CHEM090,55,54,67,176,True,False,True,False,False,True,True,True,True,True,7,CHEM
STU091,CHEM091,62,30,72,164,True,False,True,False,True,False,False,False,True,False,4,CHEM
STU092,CHEM092,100,75,39,214,False,True,True,True,True,True,True,True,True,True,9,CHEM
STU093,CHEM093,57,72,72,201,True,True,False,True,False,False,False,True,False,True,5,CHEM
STU094,CHEM094,61,35,71,167,True,False,True,True,False,True,True,False,True,True,7,CHEM
STU095,CHEM095,92,35,67,194,False,True,True,False,True,False,True,True,True,False,6,CHEM
STU096,CHEM096,57,84,43,184,True,False,False,False,True,False,True,False,True,False,4,CHEM
STU097,CHEM097,34,41,39,114,True,False,True,True,True,True,True,False,True,True,8,CHEM
STU098,CHEM098,45,98,30,173,False,False,False,True,False,True,False,True,False,True,4,CHEM
STU099,CHEM099,41,66,86,193,True,False,True,True,True,False,False,False,True,False,5,CHEM
STU100,CHEM100,68,77,31,176,True,True,True,True,True,True,False,True,False,False,7,CHEM
STU001,BIO001,74,57,82,213,False,False,True,True,False,True,True,False,True,True,6,BIO
STU002,BIO002,100,89,100,289,True,False,True,True,True,False,True,False,True,True,7,BIO
STU003,BIO003,38,54,70,162,True,True,False,False,True,True,False,False,True,True,6,BIO
STU004,BIO004,58,85,65,208,False,True,False,False,True,True,True,True,True,False,6,BIO
STU005,BIO005,65,47,98,210,True,False,False,False,False,False,False,False,True,False,2,BIO
STU006,BIO006,57,34,100,191,True,False,True,False,True,True,False,True,False,True,6,BIO
STU007,BIO007,94,95,41,230,True,True,False,False,False,False,True,True,True,True,6,BIO
STU008,BIO008,48,91,75,214,True,False,True,True,True,False,True,False,True,False,6,BIO
STU009,BIO009,35,35,71,141,True,False,False,True,False,True,True,True,True,True,7,BIO
STU010,BIO010,39,96,62,197,True,False,True,True,False,True,True,False,True,True,7,BIO
STU011,BIO011,51,59,39,149,True,True,True,True,False,False,False,True,True,True,7,BIO
STU012,BIO012,91,91,56,238,True,False,True,True,True,True,True,True,False,True,8,BIO
STU013,BIO013,51,63,53,167,True,True,False,False,False,False,False,False,True,False,3,BIO
STU014,BIO014,90,91,51,232,True,True,True,True,False,False,True,True,False,False,6,BIO
STU015,BIO015,38,59,78,175,True,True,True,False,True,True,True,True,True,False,8,BIO
STU016,BIO016,34,98,94,226,False,True,False,False,True,True,False,False,True,True,5,BIO
STU017,BIO017,35,97,84,216,True,False,False,True,True,False,False,False,True,True,5,BIO
STU018,BIO018,91,59,40,190,True,False,True,True,False,False,True,True,True,False,6,BIO
STU019,BIO019,70,82,76,228,True,True,True,True,True,True,False,False,True,True,8,BIO
STU020,BIO020,100,101,91,292,True,True,True,False,True,False,True,True,False,True,7,BIO
STU021,BIO021,59,87,50,196,True,True,False,False,False,False,True,True,False,False,4,BIO
STU022,BIO022,48,90,85,223,True,True,True,False,False,False,True,False,True,False,5,BIO
STU023,BIO023,37,52,93,182,True,True,False,False,True,True,True,True,True,True,8,BIO
STU024,BIO024,34,76,60,170,False,False,True,True,True,False,True,True,True,False,6,BIO
STU025,BIO025,41,100,66,207,False,True,True,True,False,True,False,True,True,True,7,BIO
STU026,BIO026,52,82,94,228,True,True,True,False,False,False,False,False,True,False,4,BIO
STU027,BIO027,78,91,61,230,False,False,True,True,True,True,True,True,False,False,6,BIO
STU028,BIO028,59,70,82,211,False,True,True,False,True,True,False,False,True,False,5,BIO
STU029,BIO029,90,70,75,235,True,True,True,False,False,True,False,True,True,True,7,BIO
STU030,BIO030,59,55,61,175,False,True,False,True,True,False,True,True,False,False,5,BIO
STU031,BIO031,91,77,70,238,True,False,False,False,True,False,False,True,True,True,5,BIO
STU032,BIO032,36,97,84,217,True,True,True,True,False,True,False,False,True,False,6,BIO
STU033,BIO033,31,56,78,165,True,True,False,True,True,True,True,False,True,True,8,BIO
STU034,BIO034,56,83,77,216,True,True,True,True,False,False,False,False,False,True,5,BIO
STU035,BIO035,78,55,48,181,False,False,True,True,True,True,False,False,True,True,6,BIO
STU036,BIO036,92,68,62,222,True,True,True,False,True,False,True,False,True,True,7,BIO
STU037,BIO037,76,76,101,253,True,False,True,True,True,False,False,True,False,True,6,BIO
STU038,BIO038,66,75,71,212,False,True,False,False,True,True,False,True,True,False,5,BIO
STU039,BIO039,73,83,81,237,False,True,True,True,True,True,True,False,True,True,8,BIO
STU040,BIO040,76,96,87,259,True,True,True,False,False,False,False,True,True,True,6,BIO
STU041,BIO041,38,90,100,228,True,False,True,False,True,False,True,False,True,True,6,BIO
STU042,BIO042,66,86,46,198,True,False,True,False,False,True,True,False,True,True,6,BIO
STU043,BIO043,86,47,99,232,True,True,False,False,True,True,False,True,True,True,7,BIO
STU044,BIO044,41,86,69,196,True,True,True,True,False,False,True,True,True,False,7,BIO
STU045,BIO045,91,68,31,190,False,False,True,False,True,True,False,True,True,False,5,BIO
STU046,BIO046,79,78,58,215,True,True,True,False,False,False,False,True,False,False,4,BIO
STU047,BIO047,82,54,38,174,True,True,False,False,True,False,True,True,True,True,7,BIO
STU048,BIO048,53,43,66,162,True,False,False,True,True,True,True,True,False,False,6,BIO
STU049,BIO049,89,34,72,195,True,False,True,True,True,True,True,False,True,True,8,BIO
STU050,BIO050,31,45,61,137,True,False,True,False,True,False,True,False,True,True,6,BIO
STU051,BIO051,69,71,50,190,False,True,False,True,True,False,True,False,False,True,5,BIO
STU052,BIO052,44,60,85,189,True,True,True,True,False,True,True,False,True,True,8,BIO
STU053,BIO053,77,41,61,179,True,True,False,False,False,False,True,False,False,False,3,BIO
STU054,BIO054,46,92,59,197,True,True,False,True,False,False,True,True,False,True,6,BIO
STU055,BIO055,35,92,86,213,True,True,True,True,True,True,True,False,True,False,8,BIO
STU056,BIO056,50,38,97,185,True,True,True,True,True,False,True,True,True,False,8,BIO
STU057,BIO057,60,71,38,169,False,True,True,True,True,True,False,True,False,True,7,BIO
STU058,BIO058,96,38,35,169,False,True,False,True,True,True,True,False,False,True,6,BIO
STU059,BIO059,62,36,76,174,True,False,True,False,False,False,False,True,False,True,4,BIO
STU060,BIO060,83,77,37,197,False,True,True,True,True,False,False,True,False,True,6,BIO
STU061,BIO061,54,54,97,205,False,True,False,True,True,False,False,True,False,False,4,BIO
STU062,BIO062,84,43,51,178,False,True,True,False,True,True,False,False,True,False,5,BIO
STU063,BIO063,77,82,85,244,False,True,True,True,True,True,False,True,True,False,7,BIO
STU064,BIO064,30,34,66,130,True,True,False,True,True,True,False,True,False,False,6,BIO
STU065,BIO065,65,100,95,260,True,False,True,True,True,True,True,True,True,False,8,BIO
STU066,BIO066,41,81,57,179,False,False,False,True,False,False,True,False,True,True,4,BIO
STU067,BIO067,78,40,37,155,False,True,False,True,False,True,False,False,False,False,3,BIO
STU068,BIO068,78,36,69,183,True,True,True,True,False,True,False,False,False,False,5,BIO
STU069,BIO069,94,41,58,193,True,False,True,True,True,False,True,True,True,True,8,BIO
STU070,BIO070,46,47,91,184,True,True,False,True,False,False,True,True,False,True,6,BIO
STU071,BIO071,41,44,82,167,True,True,True,True,True,True,False,False,False,True,7,BIO
STU072,BIO072,48,86,35,169,False,True,False,True,False,True,False,True,False,True,5,BIO
STU073,BIO073,66,31,73,170,False,True,True,True,True,True,True,True,True,True,9,BIO
STU074,BIO074,48,32,78,158,True,False,True,True,True,False,False,True,False,True,6,BIO
STU075,BIO075,79,64,76,219,False,True,False,False,True,True,False,True,True,False,5,BIO
STU076,BIO076,98,41,53,192,True,False,True,False,True,False,True,True,False,True,6,BIO
STU077,BIO077,75,75,68,218,True,False,True,False,False,False,False,False,True,True,4,BIO
STU078,BIO078,65,58,49,172,True,True,True,False,True,False,False,False,True,True,6,BIO
STU079,BIO079,84,69,72,225,True,True,False,True,False,True,True,False,False,False,5,BIO
STU080,BIO080,85,48,50,183,True,True,False,True,True,False,False,False,False,True,5,BIO
STU081,BIO081,82,68,86,236,False,False,False,False,True,True,True,True,False,False,4,BIO
STU082,BIO082,59,59,59,177,False,True,False,True,True,False,False,True,False,True,5,BIO
STU083,BIO083,47,50,54,151,True,True,False,False,False,True,False,True,True,True,6,BIO
STU084,BIO084,86,92,71,249,False,False,True,False,False,False,False,True,False,True,3,BIO
STU085,BIO085,98,97,34,229,True,True,False,True,False,True,True,False,True,True,7,BIO
STU086,BIO086,36,54,67,157,True,False,False,True,True,True,False,False,False,True,5,BIO
STU087,BIO087,87,41,94,222,True,False,False,False,True,True,True,True,True,False,6,BIO
STU088,BIO088,55,88,41,184,True,False,False,False,False,True,True,True,True,True,6,BIO
STU089,BIO089,79,95,50,224,True,True,False,False,True,False,True,False,True,False,5,BIO
STU090,BIO090,83,69,69,221,False,False,True,True,False,False,True,False,True,True,5,BIO
STU091,BIO091,93,99,30,222,False,True,True,False,True,True,False,True,False,True,6,BIO
STU092,BIO092,101,56,36,193,True,True,True,True,True,True,False,True,True,True,9,BIO
STU093,BIO093,52,50,66,168,False,False,True,False,True,True,True,False,True,True,6,BIO
STU094,BIO094,77,78,38,193,False,False,True,True,True,False,True,True,True,True,7,BIO
STU095,BIO095,37,43,97,177,False,True,False,False,False,True,False,True,True,False,4,BIO
STU096,BIO096,75,46,93,214,True,False,True,True,False,False,False,True,True,False,5,BIO
STU097,BIO097,45,56,83,184,True,True,True,False,True,True,True,False,True,True,8,BIO
STU098,BIO098,71,30,44,145,False,True,False,False,True,True,True,True,False,False,5,BIO
STU099,BIO099,34,47,91,172,True,True,False,False,True,False,False,True,True,True,6,BIO
STU100,BIO100,70,101,98,269,True,True,True,False,False,True,True,False,True,True,7,BIO
STU001,ENG001,98,51,79,228,True,True,False,True,False,False,True,True,False,True,6,ENG
STU002,ENG002,68,57,97,222,True,True,False,False,False,True,True,True,True,True,7,ENG
STU003,ENG003,91,97,69,257,False,True,False,False,False,False,True,False,True,False,3,ENG
STU004,ENG004,96,44,30,170,True,True,False,False,True,False,True,False,False,True,5,ENG
STU005,ENG005,69,56,71,196,True,True,True,False,False,True,True,True,False,True,7,ENG
STU006,ENG006,43,56,99,198,True,True,True,False,True,True,True,False,True,True,8,ENG
STU007,ENG007,46,33,90,169,False,True,True,True,True,False,False,False,False,True,5,ENG
STU008,ENG008,75,69,72,216,False,False,False,True,False,False,True,True,False,False,3,ENG
STU009,ENG009,89,42,88,219,True,False,False,True,False,True,False,True,True,True,6,ENG
STU010,ENG010,72,71,88,231,True,True,True,True,False,True,True,True,True,True,9,ENG
STU011,ENG011,43,71,101,215,False,False,True,True,True,False,True,False,True,True,6,ENG
STU012,ENG012,85,85,73,243,True,True,False,True,False,True,True,True,True,True,8,ENG
STU013,ENG013,86,52,69,207,False,True,True,False,False,True,True,False,True,False,5,ENG
STU014,ENG014,30,48,49,127,True,True,False,True,True,False,True,False,False,False,5,ENG
STU015,ENG015,85,74,41,200,True,False,True,False,False,True,False,False,True,True,5,ENG
STU016,ENG016,75,44,66,185,False,True,False,True,True,True,True,True,False,True,7,ENG
STU017,ENG017,54,101,79,234,False,True,True,True,False,True,True,False,True,False,6,ENG
STU018,ENG018,85,47,40,172,True,False,False,False,False,False,False,True,True,False,3,ENG
STU019,ENG019,79,75,58,212,True,False,True,False,True,True,True,True,True,False,7,ENG
STU020,ENG020,91,77,44,212,True,False,True,False,True,False,False,True,True,True,6,ENG
STU021,ENG021,41,61,90,192,False,False,False,False,True,True,False,False,True,True,4,ENG
STU022,ENG022,88,95,90,273,True,True,True,False,True,True,False,True,True,False,7,ENG
STU023,ENG023,63,37,90,190,True,True,False,True,False,True,True,True,True,False,7,ENG
STU024,ENG024,62,46,65,173,True,True,False,False,False,False,False,True,True,False,4,ENG
STU025,ENG025,60,92,53,205,False,False,True,True,True,False,True,True,False,False,5,ENG
STU026,ENG026,60,86,51,197,True,False,True,False,False,True,True,True,True,False,6,ENG
STU027,ENG027,98,59,78,235,False,True,True,True,True,True,False,True,True,True,8,ENG
STU028,ENG028,35,42,98,175,False,False,True,False,False,True,True,True,False,True,5,ENG
STU029,ENG029,60,54,96,210,True,False,True,True,False,False,True,True,True,True,7,ENG
STU030,ENG030,58,66,62,186,True,True,True,False,False,False,False,False,False,True,4,ENG
STU031,ENG031,46,78,53,177,False,False,True,True,False,False,False,True,True,False,4,ENG
STU032,ENG032,71,62,50,183,False,True,True,True,False,True,False,True,True,False,6,ENG
STU033,ENG033,55,80,52,187,False,True,True,True,False,True,True,True,True,True,8,ENG
STU034,ENG034,62,87,32,181,False,True,False,False,False,True,False,False,True,True,4,ENG
STU035,ENG035,92,91,85,268,True,False,False,True,True,True,False,False,True,True,6,ENG
STU036,ENG036,75,72,68,215,True,False,False,True,True,False,True,True,False,False,5,ENG
STU037,ENG037,52,100,35,187,False,False,True,True,True,False,True,False,True,True,6,ENG
STU038,ENG038,34,54,33,121,False,True,True,True,True,True,True,False,True,False,7,ENG
STU039,ENG039,34,73,37,144,True,False,True,True,False,True,False,False,True,False,5,ENG
STU040,ENG040,59,39,34,132,False,True,True,False,False,True,False,True,False,False,4,ENG
STU041,ENG041,42,88,51,181,False,True,False,True,True,False,True,True,True,False,6,ENG
STU042,ENG042,81,71,45,197,False,True,True,False,False,False,True,True,True,True,6,ENG
STU043,ENG043,83,51,77,211,True,True,False,True,True,False,False,False,True,True,6,ENG
STU044,ENG044,30,30,52,112,False,False,True,True,False,False,True,True,True,True,6,ENG
STU045,ENG045,87,82,60,229,False,False,True,True,True,False,False,False,True,True,5,ENG
STU046,ENG046,60,54,45,159,False,False,False,False,False,True,True,False,True,True,4,ENG
STU047,ENG047,44,49,90,183,True,True,False,True,True,True,True,False,False,True,7,ENG
STU048,ENG048,43,36,98,177,True,False,True,True,False,False,True,True,True,False,6,ENG
STU049,ENG049,71,59,44,174,True,True,False,False,True,True,True,True,False,True,7,ENG
STU050,ENG050,88,52,79,219,True,True,True,True,True,True,True,True,True,True,10,ENG
STU051,ENG051,89,88,83,260,True,True,False,False,False,False,False,True,False,False,3,ENG
STU052,ENG052,41,82,96,219,True,False,True,False,True,False,False,True,True,True,6,ENG
STU053,ENG053,49,30,83,162,False,True,True,False,True,True,True,False,False,True,6,ENG
STU054,ENG054,60,40,101,201,False,False,True,True,True,True,False,True,False,True,6,ENG
STU055,ENG055,88,33,88,209,True,True,False,True,False,False,False,True,False,True,5,ENG
STU056,ENG056,72,97,34,203,True,False,False,False,True,True,False,False,True,False,4,ENG
STU057,ENG057,95,76,36,207,True,True,False,True,True,True,True,False,True,False,7,ENG
STU058,ENG058,60,99,44,203,False,False,False,False,False,False,False,True,False,True,2,ENG
STU059,ENG059,84,65,36,185,True,True,True,True,True,False,False,True,True,False,7,ENG
STU060,ENG060,38,54,88,180,True,True,True,False,True,True,True,True,True,True,9,ENG
STU061,ENG061,32,67,83,182,False,True,True,True,True,False,True,True,False,True,7,ENG
STU062,ENG062,96,72,82,250,True,False,False,True,False,True,True,True,True,False,6,ENG
STU063,ENG063,69,51,63,183,True,True,True,False,True,True,False,False,True,True,7,ENG
STU064,ENG064,53,52,49,154,True,True,False,True,True,True,True,False,False,False,6,ENG
STU065,ENG065,48,77,87,212,True,True,True,False,True,True,True,True,True,True,9,ENG
STU066,ENG066,99,94,72,265,False,True,False,False,False,False,False,False,False,False,1,ENG
STU067,ENG067,73,44,91,208,False,True,True,True,True,False,True,True,True,False,7,ENG
STU068,ENG068,97,58,65,220,True,True,False,False,False,False,True,True,False,True,5,ENG
STU069,ENG069,37,76,80,193,True,False,True,True,True,True,False,False,True,False,6,ENG
STU070,ENG070,86,83,86,255,True,False,False,True,False,True,True,True,True,True,7,ENG
STU071,ENG071,97,72,38,207,False,True,True,True,False,True,True,True,True,False,7,ENG
STU072,ENG072,55,53,78,186,True,True,False,True,True,True,False,True,False,True,7,ENG
STU073,ENG073,68,90,45,203,False,False,True,True,False,True,True,True,False,True,6,ENG
STU074,ENG074,76,91,85,252,False,False,True,False,True,True,True,False,True,True,6,ENG
STU075,ENG075,70,89,47,206,True,True,True,False,False,True,True,False,True,True,7,ENG
STU076,ENG076,53,42,51,146,True,False,False,False,True,False,False,True,True,False,4,ENG
STU077,ENG077,31,47,96,174,True,False,True,False,True,True,True,False,False,True,6,ENG
STU078,ENG078,97,98,100,295,False,False,True,False,True,True,True,True,False,True,6,ENG
STU079,ENG079,86,96,73,255,True,True,False,True,True,False,False,True,True,False,6,ENG
STU080,ENG080,84,44,39,167,True,True,True,True,True,False,True,True,False,True,8,ENG
STU081,ENG081,68,31,42,141,False,False,True,False,True,True,True,False,False,False,4,ENG
STU082,ENG082,74,75,50,199,False,False,False,True,True,False,False,True,False,False,3,ENG
STU083,ENG083,51,98,30,179,False,True,True,True,False,True,True,True,False,True,7,ENG
STU084,ENG084,75,78,84,237,True,True,True,False,True,True,True,False,False,True,7,ENG
STU085,ENG085,35,40,71,146,True,True,True,False,False,False,True,True,False,True,6,ENG
STU086,ENG086,38,90,77,205,True,False,True,True,True,False,True,True,True,True,8,ENG
STU087,ENG087,43,51,38,132,True,True,True,False,True,True,True,True,False,False,7,ENG
STU088,ENG088,64,81,75,220,True,False,True,True,True,False,True,True,True,False,7,ENG
STU089,ENG089,47,33,42,122,False,False,True,True,True,False,True,True,False,False,5,ENG
STU090,ENG090,96,93,89,278,True,False,True,True,True,False,True,False,True,True,7,ENG
STU091,ENG091,45,79,87,211,True,True,True,True,True,False,True,False,True,True,8,ENG
STU092,ENG092,79,92,44,215,True,True,True,True,True,True,True,True,True,True,10,ENG
STU093,ENG093,78,75,66,219,True,True,True,False,True,False,True,False,True,True,7,ENG
STU094,ENG094,74,75,82,231,True,False,True,False,True,False,True,True,True,True,7,ENG
STU095,ENG095,71,34,88,193,False,True,True,True,True,True,True,True,True,True,9,ENG
STU096,ENG096,42,92,42,176,False,True,True,False,False,True,True,False,True,False,5,ENG
STU097,ENG097,39,98,57,194,True,True,False,True,True,False,True,False,True,True,7,ENG
STU098,ENG098,38,97,90,225,True,True,True,False,True,True,False,True,True,True,8,ENG
STU099,ENG099,95,88,100,283,True,True,False,False,True,True,False,False,True,False,5,ENG
STU100,ENG100,98,85,37,220,True,True,True,True,False,True,True,True,False,True,8,ENG
STU001,HIST001,56,82,64,202,False,False,True,False,True,True,True,True,False,True,6,HIST
STU002,HIST002,101,85,84,270,False,True,True,True,True,False,False,True,False,False,5,HIST
STU003,HIST003,92,32,37,161,False,True,False,False,False,True,True,False,True,False,4,HIST
STU004,HIST004,47,60,44,151,True,True,True,False,True,False,True,True,True,True,8,HIST
STU005,HIST005,70,72,79,221,False,False,False,True,True,True,True,True,False,True,6,HIST
STU006,HIST006,98,77,44,219,True,True,False,False,False,False,True,False,False,True,4,HIST
STU007,HIST007,34,36,60,130,True,True,False,False,False,False,True,True,True,True,6,HIST
STU008,HIST008,80,62,68,210,True,False,True,True,False,False,False,False,False,True,4,HIST
STU009,HIST009,34,65,40,139,False,False,True,True,False,False,False,False,False,False,2,HIST
STU010,HIST010,94,38,75,207,True,False,True,True,False,False,False,True,True,False,5,HIST
STU011,HIST011,30,81,55,166,False,True,True,True,True,False,False,False,False,False,4,HIST
STU012,HIST012,70,87,91,248,False,True,True,True,True,True,True,True,True,True,9,HIST
STU013,HIST013,58,32,32,122,False,False,False,False,False,True,False,True,True,True,4,HIST
STU014,HIST014,63,49,41,153,False,True,True,True,True,False,False,False,True,True,6,HIST
STU015,HIST015,56,54,64,174,True,True,True,False,False,False,True,False,True,True,6,HIST
STU016,HIST016,48,33,67,148,False,True,True,True,True,False,True,True,False,False,6,HIST
STU017,HIST017,80,57,79,216,False,False,True,True,True,True,True,False,False,False,5,HIST
STU018,HIST018,35,30,62,127,True,True,False,False,True,False,True,True,True,True,7,HIST
STU019,HIST019,73,89,46,208,True,False,True,True,True,False,True,False,True,True,7,HIST
STU020,HIST020,85,66,63,214,False,False,True,True,False,True,False,False,True,False,4,HIST
STU021,HIST021,86,36,54,176,True,True,True,True,False,True,False,False,True,True,7,HIST
STU022,HIST022,101,92,88,281,True,False,False,True,True,False,True,True,True,True,7,HIST
STU023,HIST023,57,30,97,184,False,True,False,True,True,True,True,True,False,True,7,HIST
STU024,HIST024,77,43,71,191,True,True,False,False,True,False,True,True,False,False,5,HIST
STU025,HIST025,87,71,46,204,True,True,False,True,True,True,False,True,True,True,8,HIST
STU026,HIST026,81,41,32,154,False,True,False,True,False,False,True,True,True,False,5,HIST
STU027,HIST027,69,46,75,190,False,False,True,True,False,True,True,True,False,False,5,HIST
STU028,HIST028,53,85,84,222,True,True,False,False,False,False,False,True,False,True,4,HIST
STU029,HIST029,89,85,40,214,False,True,True,True,False,False,True,True,True,True,7,HIST
STU030,HIST030,35,95,43,173,True,True,True,False,False,True,True,False,True,False,6,HIST
STU031,HIST031,89,52,53,194,False,True,True,False,True,False,False,True,False,True,5,HIST
STU032,HIST032,53,57,53,163,True,False,True,False,True,True,True,True,False,True,7,HIST
STU033,HIST033,81,92,68,241,False,False,True,False,False,True,True,True,True,True,6,HIST
STU034,HIST034,32,54,33,119,True,False,False,True,False,False,True,True,True,True,6,HIST
STU035,HIST035,32,44,51,127,False,False,True,True,True,True,True,True,False,True,7,HIST
STU036,HIST036,72,31,43,146,False,False,False,False,False,True,True,True,True,True,5,HIST
STU037,HIST037,92,59,37,188,True,True,True,True,False,True,True,True,False,True,8,HIST
STU038,HIST038,85,32,50,167,True,True,True,True,True,False,True,False,False,False,6,HIST
STU039,HIST039,46,67,79,192,False,False,False,False,False,False,False,False,True,False,1,HIST
STU040,HIST040,91,46,52,189,True,False,True,True,False,True,True,True,True,False,7,HIST
STU041,HIST041,75,50,52,177,False,False,True,True,True,False,True,True,True,True,7,HIST
STU042,HIST042,75,35,101,211,True,True,False,True,False,False,False,True,True,False,5,HIST
STU043,HIST043,44,43,43,130,False,True,True,False,False,False,True,True,True,True,6,HIST
STU044,HIST044,42,49,76,167,True,True,False,True,True,False,True,False,True,True,7,HIST
STU045,HIST045,40,64,77,181,False,True,False,True,False,True,False,True,True,False,5,HIST
STU046,HIST046,88,96,76,260,False,True,False,False,True,True,True,True,False,True,6,HIST
STU047,HIST047,80,34,49,163,False,True,False,False,False,True,True,True,False,True,5,HIST
STU048,HIST048,68,70,74,212,True,True,True,False,False,True,True,True,False,False,6,HIST
STU049,HIST049,74,81,55,210,False,True,True,True,False,False,True,True,True,True,7,HIST
STU050,HIST050,69,96,73,238,False,True,True,False,True,True,False,False,False,True,5,HIST
STU051,HIST051,37,77,63,177,False,True,True,False,True,True,False,True,False,False,5,HIST
STU052,HIST052,98,59,74,231,True,False,False,True,True,True,False,True,True,True,7,HIST
STU053,HIST053,76,88,42,206,True,True,True,True,True,True,True,True,False,True,9,HIST
STU054,HIST054,101,96,80,277,False,True,False,False,False,False,False,True,True,True,4,HIST
STU055,HIST055,92,88,46,226,False,True,True,False,True,True,True,True,False,True,7,HIST
STU056,HIST056,82,44,45,171,True,True,True,True,True,True,True,True,True,False,9,HIST
STU057,HIST057,83,36,69,188,False,True,False,True,True,True,False,True,True,True,7,HIST
STU058,HIST058,73,78,90,241,False,False,True,True,False,False,False,True,False,True,4,HIST
STU059,HIST059,82,79,59,220,False,True,True,False,True,True,True,True,True,False,7,HIST
STU060,HIST060,69,101,45,215,False,True,False,True,False,False,True,False,True,True,5,HIST
STU061,HIST061,98,53,32,183,True,True,False,False,True,True,True,True,True,True,8,HIST
STU062,HIST062,32,73,85,190,True,True,True,True,True,False,True,True,True,False,8,HIST
STU063,HIST063,49,69,82,200,False,True,False,True,False,True,True,True,False,True,6,HIST
STU064,HIST064,45,36,55,136,True,True,True,True,True,False,True,True,True,True,9,HIST
STU065,HIST065,33,82,59,174,False,True,True,True,True,False,False,True,True,True,7,HIST
STU066,HIST066,94,56,48,198,True,False,False,True,True,False,True,True,True,False,6,HIST
STU067,HIST067,67,51,30,148,True,False,True,True,False,False,False,True,False,True,5,HIST
STU068,HIST068,50,98,38,186,True,True,True,True,True,True,True,False,False,True,8,HIST
STU069,HIST069,73,63,87,223,True,False,True,True,False,True,False,True,False,False,5,HIST
STU070,HIST070,30,31,52,113,True,False,False,False,True,False,False,True,True,False,4,HIST
STU071,HIST071,86,45,75,206,False,True,False,True,False,False,False,True,True,True,5,HIST
STU072,HIST072,31,58,32,121,False,False,False,True,False,False,False,True,False,False,2,HIST
STU073,HIST073,34,65,93,192,False,False,True,True,False,True,False,True,True,True,6,HIST
STU074,HIST074,52,38,46,136,False,True,False,False,False,False,True,False,True,False,3,HIST
STU075,HIST075,98,62,101,261,False,True,True,False,False,False,True,False,True,True,5,HIST
STU076,HIST076,96,89,93,278,True,False,False,True,True,True,True,True,True,True,8,HIST
STU077,HIST077,33,58,84,175,False,False,True,True,True,False,True,True,True,False,6,HIST
STU078,HIST078,72,62,61,195,True,True,True,True,True,False,False,False,False,False,5,HIST
STU079,HIST079,87,45,40,172,False,False,True,False,False,False,True,False,True,False,3,HIST
STU080,HIST080,85,38,43,166,False,True,True,True,True,False,True,True,False,True,7,HIST
STU081,HIST081,79,89,84,252,False,False,True,False,False,True,True,True,True,True,6,HIST
STU082,HIST082,38,54,46,138,False,True,True,False,True,True,False,True,True,True,7,HIST
STU083,HIST083,75,69,99,243,False,True,True,True,True,True,True,False,True,True,8,HIST
STU084,HIST084,101,36,84,221,True,False,False,True,True,True,True,False,True,False,6,HIST
STU085,HIST085,72,68,83,223,True,True,False,False,True,False,False,False,True,True,5,HIST
STU086,HIST086,91,72,78,241,True,True,False,True,True,True,True,True,True,True,9,HIST
STU087,HIST087,76,35,33,144,True,True,True,True,True,False,True,True,True,True,9,HIST
STU088,HIST088,42,32,47,121,True,False,True,False,True,True,False,False,False,False,4,HIST
STU089,HIST089,85,38,45,168,True,False,False,True,True,True,True,False,True,True,7,HIST
STU090,HIST090,54,98,67,219,False,True,True,False,False,False,False,False,True,True,4,HIST
STU091,HIST091,90,38,51,179,True,False,False,True,True,True,True,True,False,False,6,HIST
STU092,HIST092,93,90,64,247,True,False,False,False,True,False,True,True,True,True,6,HIST
STU093,HIST093,78,50,77,205,True,True,False,True,True,True,True,True,True,True,9,HIST
STU094,HIST094,85,82,77,244,False,True,True,True,True,False,True,True,False,True,7,HIST
STU095,HIST095,40,65,59,164,True,True,True,True,True,True,True,False,False,True,8,HIST
STU096,HIST096,47,99,63,209,True,True,False,False,True,True,True,False,True,True,7,HIST
STU097,HIST097,49,80,59,188,True,False,True,True,False,False,False,True,False,True,5,HIST
STU098,HIST098,54,84,83,221,True,True,True,True,True,True,False,True,False,False,7,HIST
STU099,HIST099,73,58,83,214,True,False,False,False,True,True,True,True,True,False,6,HIST
STU100,HIST100,72,80,78,230,True,True,True,True,True,True,True,False,True,True,9,HIST
